<?xml version="1.0" encoding="utf-8"?>
<group_gains>
   <control_strategy>4 4 4 4 4 4 4 4 4 4 4 4 4 4 4 4 4 4</control_strategy>
   <position>
      <kp>15 30 15 15 30 15 15 30 15 15 30 15 15 30 15 15 30 15</kp>
      <ki>0 0 0 0 0 0 0 0 0 0 0 0 0 0 0 0 0 0</ki>
      <kd>0 0 0 0 0 0 0 0 0 0 0 0 0 0 0 0 0 0</kd>
      <i_clamp>0 0 0 0 0 0 0 0 0 0 0 0 0 0 0 0 0 0</i_clamp>
      <feed_forward>0 0 0 0 0 0 0 0 0 0 0 0 0 0 0 0 0 0</feed_forward>
      <punch>0 0 0 0 0 0 0 0 0 0 0 0 0 0 0 0 0 0</punch>
      <dead_zone>0 0 0 0 0 0 0 0 0 0 0 0 0 0 0 0 0 0</dead_zone>
      <min_output>-10 -20 -10 -10 -20 -10 -10 -20 -10 -10 -20 -10 -10 -20 -10 -10 -20 -10</min_output>
      <max_output>10 20 10 10 20 10 10 20 10 10 20 10 10 20 10 10 20 10</max_output>
      <min_target>-50.24 -50.24 -50.24 -50.24 -50.24 -50.24 -50.24 -50.24 -50.24 -50.24 -50.24 -50.24 -50.24 -50.24 -50.24 -50.24 -50.24 -50.24</min_target> <!-- -16 * pi -->
      <max_target>50.24 50.24 50.24 50.24 50.24 50.24 50.24 50.24 50.24 50.24 50.24 50.24 50.24 50.24 50.24 50.24 50.24 50.24</max_target> <!-- 16 * pi -->
      <target_lowpass>1 1 1 1 1 1 1 1 1 1 1 1 1 1 1 1 1 1</target_lowpass>
      <output_lowpass>1 1 1 1 1 1 1 1 1 1 1 1 1 1 1 1 1 1</output_lowpass>
      <d_on_error>1 1 1 1 1 1 1 1 1 1 1 1 1 1 1 1 1 1</d_on_error>
   </position>
   <velocity>
      <kp>0.05 0.1 0.05 0.05 0.1 0.05 0.05 0.1 0.05 0.05 0.1 0.05 0.05 0.1 0.05 0.05 0.1 0.05</kp>
      <ki>0 0 0 0 0 0 0 0 0 0 0 0 0 0 0 0 0 0</ki>
      <kd>0 0 0 0 0 0 0 0 0 0 0 0 0 0 0 0 0 0</kd>
      <i_clamp>0 0 0 0 0 0 0 0 0 0 0 0 0 0 0 0 0 0</i_clamp>
      <feed_forward>1 1 1 1 1 1 1 1 1 1 1 1 1 1 1 1 1 1</feed_forward>
      <punch>0 0 0 0 0 0 0 0 0 0 0 0 0 0 0 0 0 0</punch>
      <dead_zone>0 0 0 0 0 0 0 0 0 0 0 0 0 0 0 0 0 0</dead_zone>
      <min_output>-1 -1 -1 -1 -1 -1 -1 -1 -1 -1 -1 -1 -1 -1 -1 -1 -1 -1</min_output>
      <max_output>1 1 1 1 1 1 1 1 1 1 1 1 1 1 1 1 1 1</max_output>
      <min_target>-10 -20 -10 -10 -20 -10 -10 -20 -10 -10 -20 -10 -10 -20 -10 -10 -20 -10</min_target>
      <max_target>10 20 10 10 20 10 10 20 10 10 20 10 10 20 10 10 20 10</max_target>
      <target_lowpass>1 1 1 1 1 1 1 1 1 1 1 1 1 1 1 1 1 1</target_lowpass>
      <output_lowpass>0.75 0.75 0.75 0.75 0.75 0.75 0.75 0.75 0.75 0.75 0.75 0.75 0.75 0.75 0.75 0.75 0.75 0.75</output_lowpass>
      <d_on_error>1 1 1 1 1 1 1 1 1 1 1 1 1 1 1 1 1 1</d_on_error>
   </velocity>
   <effort>
      <kp>0.1 0.1 0.1 0.1 0.1 0.1 0.1 0.1 0.1 0.1 0.1 0.1 0.1 0.1 0.1 0.1 0.1 0.1</kp>
      <ki>0 0 0 0 0 0 0 0 0 0 0 0 0 0 0 0 0 0</ki>
      <kd>.0001 .0001 .0001 .0001 .0001 .0001 .0001 .0001 .0001 .0001 .0001 .0001 .0001 .0001 .0001 .0001 .0001 .0001</kd>
      <i_clamp>0 0 0 0 0 0 0 0 0 0 0 0 0 0 0 0 0 0</i_clamp>
      <feed_forward>1 1 1 1 1 1 1 1 1 1 1 1 1 1 1 1 1 1</feed_forward>
      <punch>0 0 0 0 0 0 0 0 0 0 0 0 0 0 0 0 0 0</punch>
      <dead_zone>0 0 0 0 0 0 0 0 0 0 0 0 0 0 0 0 0 0</dead_zone>
      <min_output>-1 -1 -1 -1 -1 -1 -1 -1 -1 -1 -1 -1 -1 -1 -1 -1 -1 -1</min_output>
      <max_output>1 1 1 1 1 1 1 1 1 1 1 1 1 1 1 1 1 1</max_output>
      <min_target>-10 -20 -10 -10 -20 -10 -10 -20 -10 -10 -20 -10 -10 -20 -10 -10 -20 -10</min_target>
      <max_target>10 20 10 10 20 10 10 20 10 10 20 10 10 20 10 10 20 10</max_target>
      <target_lowpass>1 1 1 1 1 1 1 1 1 1 1 1 1 1 1 1 1 1</target_lowpass>
      <output_lowpass>0.5 0.5 0.5 0.5 0.5 0.5 0.5 0.5 0.5 0.5 0.5 0.5 0.5 0.5 0.5 0.5 0.5 0.5</output_lowpass>
      <d_on_error>0 0 0 0 0 0 0 0 0 0 0 0 0 0 0 0 0 0</d_on_error>
   </effort>
</group_gains>
